[
{
  "model": "spa_app.user",
  "pk": 1,
  "fields": {
    "password": "pbkdf2_sha256$870000$qOcdWMc0ekq372wPVYwNUR$AvnJLwRBUa6lHMIN/S7Xl0BxuIcQLOinNdsFKAKj9lU=",
    "last_login": "2026-06-14T18:38:21.145Z",
    "is_superuser": true,
    "is_staff": true,
    "is_active": true,
    "date_joined": "2026-04-24T17:53:10Z",
    "username": "Dashen_n",
    "email": "dashennn.lyadskaya@yandex.ru",
    "first_name": "Арина",
    "last_name": "Попова",
    "middle_name": "Алексеевна",
    "role": "admin",
    "phone_number": "89188568844",
    "groups": [],
    "user_permissions": []
  }
},
{
  "model": "spa_app.user",
  "pk": 17,
  "fields": {
    "password": "!m75TOcekWUKSl9OovJh80GAMS8saH7bWkRvqvRj9",
    "last_login": null,
    "is_superuser": false,
    "is_staff": true,
    "is_active": true,
    "date_joined": "2026-05-13T12:12:03.599Z",
    "username": "morozova_a",
    "email": "moroz_anna@yandex.ru",
    "first_name": "Анна",
    "last_name": "Морозова",
    "middle_name": "Сергеевна",
    "role": "employee",
    "phone_number": "89187632233",
    "groups": [],
    "user_permissions": []
  }
},
{
  "model": "spa_app.user",
  "pk": 18,
  "fields": {
    "password": "!U4cetCYDVmYQ3Kbv1EI9z2MkCwScsB4lbFqx1Z8a",
    "last_login": null,
    "is_superuser": false,
    "is_staff": true,
    "is_active": true,
    "date_joined": "2026-05-13T12:14:52.379Z",
    "username": "prokof_anna",
    "email": "ssddkkllss@mail.ru",
    "first_name": "Анна",
    "last_name": "Прокофьева",
    "middle_name": "Дмитриевна",
    "role": "employee",
    "phone_number": "8967347788",
    "groups": [],
    "user_permissions": []
  }
},
{
  "model": "spa_app.user",
  "pk": 19,
  "fields": {
    "password": "!R9twZA3C6OYNNAO2I6kQ7YkHRpsUbaYXsMdZyVXD",
    "last_login": null,
    "is_superuser": false,
    "is_staff": true,
    "is_active": true,
    "date_joined": "2026-05-13T12:20:23.865Z",
    "username": "sokolova_m",
    "email": "dokolova_mm@yandex.ru",
    "first_name": "Мария",
    "last_name": "Соколова",
    "middle_name": "Андреевна",
    "role": "employee",
    "phone_number": "89085311256",
    "groups": [],
    "user_permissions": []
  }
},
{
  "model": "spa_app.user",
  "pk": 20,
  "fields": {
    "password": "!jA3VvoXO5CEcpwzAhxzcSTA1UhSwqE6bjeaWmKRk",
    "last_login": null,
    "is_superuser": false,
    "is_staff": true,
    "is_active": true,
    "date_joined": "2026-05-13T12:22:03.809Z",
    "username": "orlova_vik",
    "email": "orlova_vikkk@mail.ru",
    "first_name": "Виктория",
    "last_name": "Орлова",
    "middle_name": "Павловна",
    "role": "employee",
    "phone_number": "89083612465",
    "groups": [],
    "user_permissions": []
  }
},
{
  "model": "spa_app.user",
  "pk": 21,
  "fields": {
    "password": "!soxFUaASNYVivOYTnHSjy4FvbHbcFHKEKKzVGj6J",
    "last_login": null,
    "is_superuser": false,
    "is_staff": false,
    "is_active": true,
    "date_joined": "2026-05-13T12:30:27.601Z",
    "username": "89188568833",
    "email": "dashen@mail.ru",
    "first_name": "Дарья",
    "last_name": "Лядская",
    "middle_name": "Алексеевна",
    "role": "client",
    "phone_number": "89188568833",
    "groups": [],
    "user_permissions": []
  }
},
{
  "model": "spa_app.user",
  "pk": 22,
  "fields": {
    "password": "pbkdf2_sha256$870000$QaWk7W8YV2y55Otgou5Gw3$X1s8e8d4I9Q/suhPiS6rJeQUn/rTwcKj/9qEntl/Zms=",
    "last_login": "2026-06-14T18:28:47.011Z",
    "is_superuser": false,
    "is_staff": false,
    "is_active": true,
    "date_joined": "2026-05-13T12:38:45.398Z",
    "username": "87389721365",
    "email": "inannn@yandex.ru",
    "first_name": "Иван",
    "last_name": "Иванов",
    "middle_name": "Иванович",
    "role": "client",
    "phone_number": "87389721365",
    "groups": [],
    "user_permissions": []
  }
},
{
  "model": "spa_app.user",
  "pk": 23,
  "fields": {
    "password": "!v0pImAdpwKWW1yPkxPHP42scVniXuvZ7oQJqDpty",
    "last_login": null,
    "is_superuser": false,
    "is_staff": false,
    "is_active": true,
    "date_joined": "2026-05-17T07:35:43.892Z",
    "username": "89638732145",
    "email": "natt@yandex.ru",
    "first_name": "Наталья",
    "last_name": "Лядская",
    "middle_name": "Александровна",
    "role": "client",
    "phone_number": "89638732145",
    "groups": [],
    "user_permissions": []
  }
},
{
  "model": "spa_app.user",
  "pk": 24,
  "fields": {
    "password": "!CZoJNGBRRRG2CaFjtOhTkNW9GY6fSlbuqfJ7TBvg",
    "last_login": null,
    "is_superuser": false,
    "is_staff": false,
    "is_active": true,
    "date_joined": "2026-05-17T07:36:29.156Z",
    "username": "89083216487",
    "email": "popov@mail.ru",
    "first_name": "Николай",
    "last_name": "Попов",
    "middle_name": "Юрьевич",
    "role": "client",
    "phone_number": "89083216487",
    "groups": [],
    "user_permissions": []
  }
},
{
  "model": "spa_app.user",
  "pk": 25,
  "fields": {
    "password": "!CEVicXhAGTv0GWzKaywmVTm0YsBS5QAIBCYFWHsf",
    "last_login": null,
    "is_superuser": false,
    "is_staff": false,
    "is_active": true,
    "date_joined": "2026-05-18T07:09:33.217Z",
    "username": "89345621345",
    "email": "dddd@yan.ru",
    "first_name": "Наталья",
    "last_name": "Кленова",
    "middle_name": "Юрьевна",
    "role": "client",
    "phone_number": "89345621345",
    "groups": [],
    "user_permissions": []
  }
},
{
  "model": "spa_app.user",
  "pk": 26,
  "fields": {
    "password": "!y8mBnqLqE2frWxitgXoaw9wKh19c8lQPCLBMqe22",
    "last_login": null,
    "is_superuser": false,
    "is_staff": false,
    "is_active": true,
    "date_joined": "2026-05-18T07:35:58.146Z",
    "username": "89764523546",
    "email": "dashen@yan.ru",
    "first_name": "Наталья",
    "last_name": "Кленова",
    "middle_name": "Алексеевна",
    "role": "client",
    "phone_number": "89764523546",
    "groups": [],
    "user_permissions": []
  }
},
{
  "model": "spa_app.user",
  "pk": 34,
  "fields": {
    "password": "pbkdf2_sha256$870000$UlBaivCKImjouslNZyzJGD$/qfvgKjVQ+CLKOq8+P8oFVFgZy81Yl+VhudyfApxUvs=",
    "last_login": "2026-05-18T22:07:11.621Z",
    "is_superuser": false,
    "is_staff": false,
    "is_active": true,
    "date_joined": "2026-05-18T22:00:43.703Z",
    "username": "89734567211",
    "email": "ranylol555@gmail.com",
    "first_name": "Даниил",
    "last_name": "Иванов",
    "middle_name": "Иванович",
    "role": "client",
    "phone_number": "89734567211",
    "groups": [],
    "user_permissions": []
  }
},
{
  "model": "spa_app.user",
  "pk": 35,
  "fields": {
    "password": "!5wfsksomfOgsLWAfwaYnaNpCPsFAJxVzvnf56LIU",
    "last_login": null,
    "is_superuser": false,
    "is_staff": true,
    "is_active": true,
    "date_joined": "2026-05-19T20:02:43.579Z",
    "username": "ivanov_v",
    "email": "ivangovv@msil.ru",
    "first_name": "Илья",
    "last_name": "Иванов",
    "middle_name": "Сергеевич",
    "role": "employee",
    "phone_number": "89086789099",
    "groups": [],
    "user_permissions": []
  }
},
{
  "model": "spa_app.user",
  "pk": 36,
  "fields": {
    "password": "pbkdf2_sha256$870000$cvPkoeb5Ufs2rza0Q3RR58$Jx2PJfEYCzbxiyUmKyXUHJHDa8Nn5QD89UF9zaj0RRc=",
    "last_login": "2026-05-20T19:35:26.336Z",
    "is_superuser": false,
    "is_staff": false,
    "is_active": true,
    "date_joined": "2026-05-20T19:35:25.891Z",
    "username": "89051234562",
    "email": "orlll@yan.ru",
    "first_name": "Дмитрий",
    "last_name": "Орлов",
    "middle_name": "Владимирович",
    "role": "client",
    "phone_number": "89051234562",
    "groups": [],
    "user_permissions": []
  }
},
{
  "model": "spa_app.user",
  "pk": 37,
  "fields": {
    "password": "pbkdf2_sha256$870000$Mm4OTHeQxAHjhwfqRfs7sx$0spHeYm8hJ6zxr5ZQm4Wo9hl2Jcgr8ZoYRSwOi41vFo=",
    "last_login": "2026-05-20T19:36:59.289Z",
    "is_superuser": false,
    "is_staff": false,
    "is_active": true,
    "date_joined": "2026-05-20T19:36:58.860Z",
    "username": "89086122245",
    "email": "nik@mail.ru",
    "first_name": "Артём",
    "last_name": "Никулов",
    "middle_name": "Андреевич",
    "role": "client",
    "phone_number": "89086122245",
    "groups": [],
    "user_permissions": []
  }
},
{
  "model": "spa_app.user",
  "pk": 38,
  "fields": {
    "password": "pbkdf2_sha256$870000$rqOrpURI7ojxia86fPdQ2e$PNBwI0Q1aDB5NKieAiFlLVFhnciNvZdL/c8ZLC9S+Zo=",
    "last_login": "2026-05-20T19:37:42.819Z",
    "is_superuser": false,
    "is_staff": false,
    "is_active": true,
    "date_joined": "2026-05-20T19:37:42.388Z",
    "username": "89634124756",
    "email": "darrr@yandex.ru",
    "first_name": "Дарья",
    "last_name": "Павлова",
    "middle_name": "Александровна",
    "role": "client",
    "phone_number": "89634124756",
    "groups": [],
    "user_permissions": []
  }
},
{
  "model": "spa_app.user",
  "pk": 39,
  "fields": {
    "password": "pbkdf2_sha256$870000$1AFR18QPML6IBFKznqBNpS$v1fwi3QW0w0euSDqEdc2zGG+RR3yPItqmhCCVi8p4j4=",
    "last_login": "2026-05-20T19:38:59.097Z",
    "is_superuser": false,
    "is_staff": false,
    "is_active": true,
    "date_joined": "2026-05-20T19:38:58.665Z",
    "username": "89763456732",
    "email": "ivamova@mail.ru",
    "first_name": "Анна",
    "last_name": "Иванова",
    "middle_name": "Алексеевна",
    "role": "client",
    "phone_number": "89763456732",
    "groups": [],
    "user_permissions": []
  }
},
{
  "model": "spa_app.user",
  "pk": 40,
  "fields": {
    "password": "pbkdf2_sha256$870000$hozuiAYI06PVhEStLOJy8a$qePRFWYK7vhtz/CVG+uAr7c9zpsUEddMRsW9B9+98xQ=",
    "last_login": "2026-05-20T19:39:43.849Z",
    "is_superuser": false,
    "is_staff": false,
    "is_active": true,
    "date_joined": "2026-05-20T19:39:43.405Z",
    "username": "89734213456",
    "email": "nekr@mail.ru",
    "first_name": "Арина",
    "last_name": "Некрасова",
    "middle_name": "Денисовна",
    "role": "client",
    "phone_number": "89734213456",
    "groups": [],
    "user_permissions": []
  }
},
{
  "model": "spa_app.user",
  "pk": 41,
  "fields": {
    "password": "pbkdf2_sha256$870000$6YgkUVFtTegmdxw52nFM7i$n4BAjUpabDlcE3VnwZdgJoS1RVx7+qLkQ9i3f2viHms=",
    "last_login": "2026-05-21T07:46:40.812Z",
    "is_superuser": false,
    "is_staff": false,
    "is_active": true,
    "date_joined": "2026-05-20T19:44:55.011Z",
    "username": "89085124356",
    "email": "dashenn.lyadskaya@gmail.com",
    "first_name": "Ирина",
    "last_name": "Лаптева",
    "middle_name": "Анатольевна",
    "role": "client",
    "phone_number": "89085124356",
    "groups": [],
    "user_permissions": []
  }
},
{
  "model": "spa_app.user",
  "pk": 42,
  "fields": {
    "password": "pbkdf2_sha256$870000$C0BXgQq5T7ia51IH8IP71H$xSR2LbnpXt2ibOm+0vXVjJUVMxoSPrrK8C8lQkGcy+0=",
    "last_login": "2026-05-20T20:22:17.944Z",
    "is_superuser": false,
    "is_staff": true,
    "is_active": true,
    "date_joined": "2026-05-20T20:12:50.906Z",
    "username": "roz_z",
    "email": "artem454533@mail.ru",
    "first_name": "Артём",
    "last_name": "Мельников",
    "middle_name": "Львович",
    "role": "employee",
    "phone_number": "89188568832",
    "groups": [],
    "user_permissions": []
  }
},
{
  "model": "spa_app.user",
  "pk": 43,
  "fields": {
    "password": "!7amVpGsntbBmMITIqTh8gzUMFW8ApTNYkKH8OhBM",
    "last_login": null,
    "is_superuser": false,
    "is_staff": false,
    "is_active": true,
    "date_joined": "2026-05-20T20:15:38.774Z",
    "username": "89631245673",
    "email": "sddkklls@gmail.com",
    "first_name": "Оксана",
    "last_name": "Липовая",
    "middle_name": "Николаевна",
    "role": "client",
    "phone_number": "89631245673",
    "groups": [],
    "user_permissions": []
  }
},
{
  "model": "spa_app.user",
  "pk": 44,
  "fields": {
    "password": "!taJoMlv5o921ZKZbXdlDuqVMxcQZeQVoo5omF3uc",
    "last_login": null,
    "is_superuser": false,
    "is_staff": false,
    "is_active": true,
    "date_joined": "2026-05-20T20:23:38.041Z",
    "username": "89763344654",
    "email": "alexoff005@gmail.com",
    "first_name": "Александр",
    "last_name": "Морозов",
    "middle_name": "Александрович",
    "role": "client",
    "phone_number": "89763344654",
    "groups": [],
    "user_permissions": []
  }
},
{
  "model": "spa_app.user",
  "pk": 46,
  "fields": {
    "password": "pbkdf2_sha256$870000$KON9lzYIccL4CChFU9VD55$uhCBntawDCyqZfzBgldhQhyUrY5ouW2spIICpSaW6oA=",
    "last_login": null,
    "is_superuser": false,
    "is_staff": false,
    "is_active": true,
    "date_joined": "2026-05-20T20:35:31.487Z",
    "username": "89086321345",
    "email": "liana27070421@gmail.com",
    "first_name": "Лиана",
    "last_name": "Крутая",
    "middle_name": "Андреевна",
    "role": "client",
    "phone_number": "89086321345",
    "groups": [],
    "user_permissions": []
  }
},
{
  "model": "spa_app.user",
  "pk": 47,
  "fields": {
    "password": "!BeWa2n0MlpEpZpcqEFWmyPKTe1Tchiwn0DUgZV2k",
    "last_login": null,
    "is_superuser": false,
    "is_staff": false,
    "is_active": true,
    "date_joined": "2026-05-21T07:46:19.006Z",
    "username": "4545645654",
    "email": "ranylogggggl555@gmail.com",
    "first_name": "hfhghfgh",
    "last_name": "hfg",
    "middle_name": "fghfgh",
    "role": "client",
    "phone_number": "4545645654",
    "groups": [],
    "user_permissions": []
  }
},
{
  "model": "spa_app.user",
  "pk": 48,
  "fields": {
    "password": "!RLFPGLHqXInmrDF6VGPZhLOOhC086WGsDwnbQmkN",
    "last_login": null,
    "is_superuser": false,
    "is_staff": false,
    "is_active": true,
    "date_joined": "2026-06-14T18:27:46.188Z",
    "username": "89188568811",
    "email": "ranylolll555@gmail.com",
    "first_name": "Даниил",
    "last_name": "Иванов",
    "middle_name": "Дмитриевич",
    "role": "client",
    "phone_number": "89188568811",
    "groups": [],
    "user_permissions": []
  }
},
{
  "model": "spa_app.user",
  "pk": 49,
  "fields": {
    "password": "!GOoSSEIh67AvFsQMFJNTKahfsPv6Kii2vGjQxksc",
    "last_login": null,
    "is_superuser": false,
    "is_staff": false,
    "is_active": true,
    "date_joined": "2026-06-14T18:28:29.145Z",
    "username": "89085124311",
    "email": "sddkggklls@gmail.com",
    "first_name": "Арина",
    "last_name": "Прокофьева",
    "middle_name": "Дмитриевна",
    "role": "client",
    "phone_number": "89085124311",
    "groups": [],
    "user_permissions": []
  }
},
{
  "model": "spa_app.user",
  "pk": 50,
  "fields": {
    "password": "!atE0jyHIxWQi0Xk4rsNXzT87ELEm0Zw9DWTblFrK",
    "last_login": null,
    "is_superuser": false,
    "is_staff": false,
    "is_active": true,
    "date_joined": "2026-06-14T18:35:49.027Z",
    "username": "89087788992",
    "email": "dashenn.lyadskaya@yandex.ru",
    "first_name": "Илья",
    "last_name": "Яглов",
    "middle_name": "Иванович",
    "role": "client",
    "phone_number": "89087788992",
    "groups": [],
    "user_permissions": []
  }
},
{
  "model": "spa_app.user",
  "pk": 51,
  "fields": {
    "password": "pbkdf2_sha256$870000$01qJvVJF7hoQJzjOOcSlWU$TUlBBEj/edcsawjnX7UVna4ksI05dsAZQOQJbhpxpPA=",
    "last_login": "2026-06-14T18:37:34.538Z",
    "is_superuser": false,
    "is_staff": false,
    "is_active": true,
    "date_joined": "2026-06-14T18:37:34.099Z",
    "username": "89086333455",
    "email": "pavel@yandex.ru",
    "first_name": "Павел",
    "last_name": "Павлов",
    "middle_name": "Андреевич",
    "role": "client",
    "phone_number": "89086333455",
    "groups": [],
    "user_permissions": []
  }
},
{
  "model": "spa_app.clientprofile",
  "pk": 8,
  "fields": {
    "user": 1,
    "notes": "",
    "created_at": "2026-05-01T19:53:00.574Z"
  }
},
{
  "model": "spa_app.clientprofile",
  "pk": 11,
  "fields": {
    "user": 21,
    "notes": "",
    "created_at": "2026-05-13T12:30:27.607Z"
  }
},
{
  "model": "spa_app.clientprofile",
  "pk": 12,
  "fields": {
    "user": 22,
    "notes": "",
    "created_at": "2026-05-13T12:38:45.836Z"
  }
},
{
  "model": "spa_app.clientprofile",
  "pk": 14,
  "fields": {
    "user": 23,
    "notes": "",
    "created_at": "2026-05-17T07:35:43.910Z"
  }
},
{
  "model": "spa_app.clientprofile",
  "pk": 15,
  "fields": {
    "user": 24,
    "notes": "",
    "created_at": "2026-05-17T07:36:29.164Z"
  }
},
{
  "model": "spa_app.clientprofile",
  "pk": 16,
  "fields": {
    "user": 25,
    "notes": "",
    "created_at": "2026-05-18T07:09:33.231Z"
  }
},
{
  "model": "spa_app.clientprofile",
  "pk": 17,
  "fields": {
    "user": 26,
    "notes": "",
    "created_at": "2026-05-18T07:35:58.158Z"
  }
},
{
  "model": "spa_app.clientprofile",
  "pk": 25,
  "fields": {
    "user": 34,
    "notes": "",
    "created_at": "2026-05-18T22:00:43.704Z"
  }
},
{
  "model": "spa_app.clientprofile",
  "pk": 26,
  "fields": {
    "user": 36,
    "notes": "",
    "created_at": "2026-05-20T19:35:26.327Z"
  }
},
{
  "model": "spa_app.clientprofile",
  "pk": 27,
  "fields": {
    "user": 37,
    "notes": "",
    "created_at": "2026-05-20T19:36:59.282Z"
  }
},
{
  "model": "spa_app.clientprofile",
  "pk": 28,
  "fields": {
    "user": 38,
    "notes": "",
    "created_at": "2026-05-20T19:37:42.812Z"
  }
},
{
  "model": "spa_app.clientprofile",
  "pk": 29,
  "fields": {
    "user": 39,
    "notes": "",
    "created_at": "2026-05-20T19:38:59.091Z"
  }
},
{
  "model": "spa_app.clientprofile",
  "pk": 30,
  "fields": {
    "user": 40,
    "notes": "",
    "created_at": "2026-05-20T19:39:43.841Z"
  }
},
{
  "model": "spa_app.clientprofile",
  "pk": 31,
  "fields": {
    "user": 41,
    "notes": "",
    "created_at": "2026-05-20T19:44:55.439Z"
  }
},
{
  "model": "spa_app.clientprofile",
  "pk": 32,
  "fields": {
    "user": 43,
    "notes": "",
    "created_at": "2026-05-20T20:15:38.775Z"
  }
},
{
  "model": "spa_app.clientprofile",
  "pk": 33,
  "fields": {
    "user": 44,
    "notes": "",
    "created_at": "2026-05-20T20:23:38.045Z"
  }
},
{
  "model": "spa_app.clientprofile",
  "pk": 35,
  "fields": {
    "user": 46,
    "notes": "",
    "created_at": "2026-05-20T20:35:31.490Z"
  }
},
{
  "model": "spa_app.clientprofile",
  "pk": 36,
  "fields": {
    "user": 47,
    "notes": "",
    "created_at": "2026-05-21T07:46:19.028Z"
  }
},
{
  "model": "spa_app.clientprofile",
  "pk": 37,
  "fields": {
    "user": 48,
    "notes": "",
    "created_at": "2026-06-14T18:27:46.207Z"
  }
},
{
  "model": "spa_app.clientprofile",
  "pk": 38,
  "fields": {
    "user": 49,
    "notes": "",
    "created_at": "2026-06-14T18:28:29.149Z"
  }
},
{
  "model": "spa_app.clientprofile",
  "pk": 39,
  "fields": {
    "user": 50,
    "notes": "",
    "created_at": "2026-06-14T18:35:49.041Z"
  }
},
{
  "model": "spa_app.clientprofile",
  "pk": 40,
  "fields": {
    "user": 51,
    "notes": "",
    "created_at": "2026-06-14T18:37:34.526Z"
  }
},
{
  "model": "spa_app.employeeprofile",
  "pk": 8,
  "fields": {
    "user": 17,
    "position": "SPA-терапевт",
    "description": "Проводит расслабляющие SPA-программы, обертывания и уходы за телом",
    "experience_years": 5,
    "photo": "employees/marina_koval_ETGPNE0.png",
    "is_active": true,
    "hire_date": "2026-05-13",
    "work_start_time": "09:00:00",
    "work_end_time": "20:00:00",
    "work_days": [
      0,
      2,
      4
    ]
  }
},
{
  "model": "spa_app.employeeprofile",
  "pk": 9,
  "fields": {
    "user": 18,
    "position": "Косметолог",
    "description": "Выполняет уходовые и аппаратные процедуры для лица",
    "experience_years": 7,
    "photo": "employees/medium-shot-woman-holding-tablet.jpg",
    "is_active": true,
    "hire_date": null,
    "work_start_time": "08:00:00",
    "work_end_time": "18:00:00",
    "work_days": [
      1,
      2,
      3,
      4
    ]
  }
},
{
  "model": "spa_app.employeeprofile",
  "pk": 10,
  "fields": {
    "user": 19,
    "position": "Мастер по уходу за телом",
    "description": "Специализируется на скрабировании, обертываниях и детокс-программах",
    "experience_years": 4,
    "photo": "employees/front-view-smiley-doctor-posing.jpg",
    "is_active": true,
    "hire_date": null,
    "work_start_time": "11:00:00",
    "work_end_time": "21:00:00",
    "work_days": [
      0,
      1,
      2,
      3
    ]
  }
},
{
  "model": "spa_app.employeeprofile",
  "pk": 11,
  "fields": {
    "user": 20,
    "position": "SPA-специалист",
    "description": "Проводит релакс-программы, ароматерапию и водные процедуры",
    "experience_years": 3,
    "photo": "employees/smiling-girl-doctor-uniform.jpg",
    "is_active": true,
    "hire_date": null,
    "work_start_time": "10:00:00",
    "work_end_time": "17:00:00",
    "work_days": [
      0,
      1,
      2,
      3,
      4,
      5,
      6
    ]
  }
},
{
  "model": "spa_app.employeeprofile",
  "pk": 12,
  "fields": {
    "user": 35,
    "position": "Массажист",
    "description": "Квалифицированный специалист",
    "experience_years": 5,
    "photo": "employees/handsome-male-entrepreneur-wearing-white-shirt-posing-standing-with-crossed-ar_TFFcdvO.jpg",
    "is_active": true,
    "hire_date": null,
    "work_start_time": "08:00:00",
    "work_end_time": "17:00:00",
    "work_days": [
      0,
      1,
      2,
      3,
      4
    ]
  }
},
{
  "model": "spa_app.employeeprofile",
  "pk": 13,
  "fields": {
    "user": 42,
    "position": "Массажист",
    "description": "Владеет разными массажными техниками.",
    "experience_years": 3,
    "photo": "employees/front-view-male-physiotherapist-posing-clinic.jpg",
    "is_active": true,
    "hire_date": null,
    "work_start_time": "12:00:00",
    "work_end_time": "18:00:00",
    "work_days": [
      0,
      1,
      2
    ]
  }
},
{
  "model": "spa_app.servicecategory",
  "pk": 5,
  "fields": {
    "name": "Массаж",
    "description": "Процедуры, направленные на расслабление мышц, снятие напряжения, улучшение кровообращения и восстановление общего состояния организма",
    "image": "service_categories/masage_epLXX6a.jpg",
    "is_active": true
  }
},
{
  "model": "spa_app.servicecategory",
  "pk": 6,
  "fields": {
    "name": "Водные процедуры",
    "description": "Процедуры с использованием воды и гидротерапии для расслабления и восстановления",
    "image": "service_categories/banya_and_swim_85Dvgjy.jpg",
    "is_active": true
  }
},
{
  "model": "spa_app.servicecategory",
  "pk": 7,
  "fields": {
    "name": "Уход за телом",
    "description": "SPA-процедуры для восстановления кожи, расслабления и улучшения общего состояния организма",
    "image": "service_categories/services_sMsyFyn.png",
    "is_active": true
  }
},
{
  "model": "spa_app.servicecategory",
  "pk": 8,
  "fields": {
    "name": "Уход за лицом",
    "description": "Комплекс процедур для очищения, питания и восстановления кожи лица",
    "image": "service_categories/facebody_r7uEX4Y.jpg",
    "is_active": true
  }
},
{
  "model": "spa_app.servicecategory",
  "pk": 9,
  "fields": {
    "name": "Релакс-программы",
    "description": "Комплексные SPA-программы для глубокого расслабления и восстановления",
    "image": "service_categories/masage_Nn5RQFJ.png",
    "is_active": true
  }
},
{
  "model": "spa_app.service",
  "pk": 5,
  "fields": {
    "name": "Классический массаж",
    "category": 5,
    "description": "Улучшает кровообращение и снимает мышечное напряжение",
    "price": "3500.00",
    "duration_minutes": 60,
    "is_active": true,
    "created_at": "2026-05-13T12:23:03.124Z",
    "employees": [
      12
    ]
  }
},
{
  "model": "spa_app.service",
  "pk": 6,
  "fields": {
    "name": "Аромамассаж",
    "category": 5,
    "description": "Массаж с использованием натуральных ароматических масел",
    "price": "4500.00",
    "duration_minutes": 90,
    "is_active": true,
    "created_at": "2026-05-13T12:23:43.489Z",
    "employees": [
      12
    ]
  }
},
{
  "model": "spa_app.service",
  "pk": 7,
  "fields": {
    "name": "Массаж горячими камнями",
    "category": 5,
    "description": "Глубокое расслабление с применением нагретых вулканических камней",
    "price": "5200.00",
    "duration_minutes": 90,
    "is_active": true,
    "created_at": "2026-05-13T12:24:10.237Z",
    "employees": [
      12
    ]
  }
},
{
  "model": "spa_app.service",
  "pk": 8,
  "fields": {
    "name": "Лифтинг-уход",
    "category": 8,
    "description": "Уход, направленный на улучшение контура лица",
    "price": "4800.00",
    "duration_minutes": 75,
    "is_active": true,
    "created_at": "2026-05-13T12:24:41.788Z",
    "employees": [
      9
    ]
  }
},
{
  "model": "spa_app.service",
  "pk": 9,
  "fields": {
    "name": "Экспресс-уход для лица",
    "category": 8,
    "description": "Быстрая процедура для освежения и увлажнения кожи",
    "price": "2200.00",
    "duration_minutes": 30,
    "is_active": true,
    "created_at": "2026-05-13T12:25:15.682Z",
    "employees": [
      9
    ]
  }
},
{
  "model": "spa_app.service",
  "pk": 10,
  "fields": {
    "name": "Шоколадное обертывание",
    "category": 7,
    "description": "Расслабляющая процедура с питательным шоколадным составом",
    "price": "5500.00",
    "duration_minutes": 90,
    "is_active": true,
    "created_at": "2026-05-13T12:25:58.928Z",
    "employees": [
      10,
      11
    ]
  }
},
{
  "model": "spa_app.service",
  "pk": 11,
  "fields": {
    "name": "Детокс-программа",
    "category": 7,
    "description": "Комплексный уход для очищения и восстановления организма",
    "price": "6500.00",
    "duration_minutes": 120,
    "is_active": true,
    "created_at": "2026-05-13T12:26:35.113Z",
    "employees": [
      8,
      10,
      11
    ]
  }
},
{
  "model": "spa_app.service",
  "pk": 12,
  "fields": {
    "name": "SPA-программа «Антистресс»",
    "category": 9,
    "description": "Комплекс процедур для снятия усталости и напряжения",
    "price": "7500.00",
    "duration_minutes": 120,
    "is_active": true,
    "created_at": "2026-05-13T12:27:19.712Z",
    "employees": [
      8,
      11
    ]
  }
},
{
  "model": "spa_app.service",
  "pk": 13,
  "fields": {
    "name": "SPA-день Premium",
    "category": 9,
    "description": "Расширенная программа восстановления и ухода",
    "price": "10000.00",
    "duration_minutes": 240,
    "is_active": true,
    "created_at": "2026-05-13T12:27:52.764Z",
    "employees": [
      8,
      11,
      12
    ]
  }
},
{
  "model": "spa_app.service",
  "pk": 14,
  "fields": {
    "name": "Гидротерапия Relax",
    "category": 6,
    "description": "Комплексная расслабляющая водная процедура",
    "price": "4200.00",
    "duration_minutes": 60,
    "is_active": true,
    "created_at": "2026-05-13T12:28:42.205Z",
    "employees": [
      8
    ]
  }
},
{
  "model": "spa_app.service",
  "pk": 15,
  "fields": {
    "name": "SPA-джакузи",
    "category": 6,
    "description": "Водная процедура для снятия мышечного напряжения",
    "price": "3000.00",
    "duration_minutes": 45,
    "is_active": true,
    "created_at": "2026-05-13T12:29:06.772Z",
    "employees": [
      8
    ]
  }
},
{
  "model": "spa_app.service",
  "pk": 16,
  "fields": {
    "name": "Контрастный термальный ритуал",
    "category": 6,
    "description": "Чередование тёплой и прохладной воды для улучшения кровообращения и повышения энергии.",
    "price": "3900.00",
    "duration_minutes": 45,
    "is_active": true,
    "created_at": "2026-05-19T20:03:33.530Z",
    "employees": [
      11,
      12
    ]
  }
},
{
  "model": "spa_app.service",
  "pk": 17,
  "fields": {
    "name": "Relax & Balance",
    "category": 9,
    "description": "Мягкий SPA-уход для восстановления эмоционального баланса и снятия мышечного напряжения.",
    "price": "5900.00",
    "duration_minutes": 75,
    "is_active": true,
    "created_at": "2026-05-19T20:04:55.501Z",
    "employees": [
      8,
      12
    ]
  }
},
{
  "model": "spa_app.service",
  "pk": 18,
  "fields": {
    "name": "Vitamin C Glow",
    "category": 8,
    "description": "Осветляющий уход с витамином C для сияния кожи и уменьшения следов усталости.",
    "price": "4800.00",
    "duration_minutes": 55,
    "is_active": true,
    "created_at": "2026-05-19T20:05:33.782Z",
    "employees": [
      9
    ]
  }
},
{
  "model": "spa_app.service",
  "pk": 19,
  "fields": {
    "name": "Медовый SPA-уход Honey Touch",
    "category": 7,
    "description": "Уход с натуральным мёдом и маслами для питания, мягкости и восстановления кожи.",
    "price": "5600.00",
    "duration_minutes": 70,
    "is_active": true,
    "created_at": "2026-05-19T20:06:41.695Z",
    "employees": [
      10
    ]
  }
},
{
  "model": "spa_app.scheduleexception",
  "pk": 4,
  "fields": {
    "employee": 9,
    "exception_type": "day_off",
    "start_datetime": "2026-05-14T07:00:00Z",
    "end_datetime": "2026-05-14T08:00:00Z",
    "reason": "",
    "created_at": "2026-05-16T18:54:37.370Z"
  }
},
{
  "model": "spa_app.scheduleexception",
  "pk": 5,
  "fields": {
    "employee": 8,
    "exception_type": "vacation",
    "start_datetime": "2026-05-19T21:00:00Z",
    "end_datetime": "2026-05-20T21:00:00Z",
    "reason": "",
    "created_at": "2026-05-19T20:08:05.725Z"
  }
},
{
  "model": "spa_app.appointment",
  "pk": 31,
  "fields": {
    "client": 25,
    "employee": 8,
    "service": 13,
    "start_datetime": "2026-05-20T06:00:00Z",
    "end_datetime": "2026-05-20T10:00:00Z",
    "status": "cancelled",
    "comment": "",
    "is_paid": false,
    "payment_method": "",
    "paid_at": null,
    "is_refunded": false,
    "refunded_at": null,
    "created_at": "2026-05-18T22:00:43.714Z",
    "updated_at": "2026-05-18T22:00:43.714Z"
  }
},
{
  "model": "spa_app.appointment",
  "pk": 32,
  "fields": {
    "client": 25,
    "employee": 9,
    "service": 9,
    "start_datetime": "2026-05-20T05:00:00Z",
    "end_datetime": "2026-05-20T05:30:00Z",
    "status": "completed",
    "comment": "",
    "is_paid": true,
    "payment_method": "cash",
    "paid_at": "2026-05-20T19:57:24.084Z",
    "is_refunded": false,
    "refunded_at": null,
    "created_at": "2026-05-18T22:09:05.727Z",
    "updated_at": "2026-05-18T22:09:05.727Z"
  }
},
{
  "model": "spa_app.appointment",
  "pk": 33,
  "fields": {
    "client": 31,
    "employee": 8,
    "service": 14,
    "start_datetime": "2026-05-22T06:00:00Z",
    "end_datetime": "2026-05-22T07:00:00Z",
    "status": "cancelled",
    "comment": "",
    "is_paid": false,
    "payment_method": "",
    "paid_at": null,
    "is_refunded": false,
    "refunded_at": null,
    "created_at": "2026-05-20T19:46:04.873Z",
    "updated_at": "2026-05-20T19:46:04.873Z"
  }
},
{
  "model": "spa_app.appointment",
  "pk": 39,
  "fields": {
    "client": 11,
    "employee": 10,
    "service": 11,
    "start_datetime": "2026-05-14T07:00:00Z",
    "end_datetime": "2026-05-14T09:00:00Z",
    "status": "completed",
    "comment": "",
    "is_paid": true,
    "payment_method": "card",
    "paid_at": "2026-05-14T07:00:00Z",
    "is_refunded": false,
    "refunded_at": null,
    "created_at": "2026-05-20T19:55:07.747Z",
    "updated_at": "2026-05-20T19:55:07.747Z"
  }
},
{
  "model": "spa_app.appointment",
  "pk": 40,
  "fields": {
    "client": 11,
    "employee": 10,
    "service": 11,
    "start_datetime": "2026-05-13T09:00:00Z",
    "end_datetime": "2026-05-13T11:00:00Z",
    "status": "completed",
    "comment": "",
    "is_paid": true,
    "payment_method": "cash",
    "paid_at": "2026-05-13T09:00:00Z",
    "is_refunded": false,
    "refunded_at": null,
    "created_at": "2026-05-20T19:55:07.751Z",
    "updated_at": "2026-05-20T19:55:07.751Z"
  }
},
{
  "model": "spa_app.appointment",
  "pk": 41,
  "fields": {
    "client": 11,
    "employee": 10,
    "service": 11,
    "start_datetime": "2026-05-12T12:00:00Z",
    "end_datetime": "2026-05-12T14:00:00Z",
    "status": "cancelled",
    "comment": "",
    "is_paid": false,
    "payment_method": "",
    "paid_at": null,
    "is_refunded": false,
    "refunded_at": null,
    "created_at": "2026-05-20T19:55:07.752Z",
    "updated_at": "2026-05-20T19:55:07.752Z"
  }
},
{
  "model": "spa_app.appointment",
  "pk": 42,
  "fields": {
    "client": 11,
    "employee": 10,
    "service": 11,
    "start_datetime": "2026-05-11T08:00:00Z",
    "end_datetime": "2026-05-11T10:00:00Z",
    "status": "completed",
    "comment": "",
    "is_paid": true,
    "payment_method": "card",
    "paid_at": "2026-05-11T08:00:00Z",
    "is_refunded": false,
    "refunded_at": null,
    "created_at": "2026-05-20T19:55:07.753Z",
    "updated_at": "2026-05-20T19:55:07.753Z"
  }
},
{
  "model": "spa_app.appointment",
  "pk": 43,
  "fields": {
    "client": 11,
    "employee": 10,
    "service": 11,
    "start_datetime": "2026-05-10T11:00:00Z",
    "end_datetime": "2026-05-10T13:00:00Z",
    "status": "failed",
    "comment": "",
    "is_paid": true,
    "payment_method": "cash",
    "paid_at": "2026-05-10T11:00:00Z",
    "is_refunded": true,
    "refunded_at": "2026-05-20T20:01:04.296Z",
    "created_at": "2026-05-20T19:55:07.754Z",
    "updated_at": "2026-05-20T19:55:07.754Z"
  }
},
{
  "model": "spa_app.appointment",
  "pk": 44,
  "fields": {
    "client": 12,
    "employee": 9,
    "service": 18,
    "start_datetime": "2026-05-09T07:00:00Z",
    "end_datetime": "2026-05-09T07:55:00Z",
    "status": "completed",
    "comment": "",
    "is_paid": true,
    "payment_method": "card",
    "paid_at": "2026-05-09T07:00:00Z",
    "is_refunded": false,
    "refunded_at": null,
    "created_at": "2026-05-20T19:56:05.443Z",
    "updated_at": "2026-05-20T19:56:05.443Z"
  }
},
{
  "model": "spa_app.appointment",
  "pk": 45,
  "fields": {
    "client": 12,
    "employee": 9,
    "service": 18,
    "start_datetime": "2026-05-08T09:00:00Z",
    "end_datetime": "2026-05-08T09:55:00Z",
    "status": "completed",
    "comment": "",
    "is_paid": true,
    "payment_method": "cash",
    "paid_at": "2026-05-08T09:00:00Z",
    "is_refunded": false,
    "refunded_at": null,
    "created_at": "2026-05-20T19:56:05.446Z",
    "updated_at": "2026-05-20T19:56:05.446Z"
  }
},
{
  "model": "spa_app.appointment",
  "pk": 46,
  "fields": {
    "client": 12,
    "employee": 9,
    "service": 18,
    "start_datetime": "2026-05-07T12:00:00Z",
    "end_datetime": "2026-05-07T12:55:00Z",
    "status": "completed",
    "comment": "",
    "is_paid": true,
    "payment_method": "card",
    "paid_at": "2026-05-07T12:00:00Z",
    "is_refunded": false,
    "refunded_at": null,
    "created_at": "2026-05-20T19:56:05.448Z",
    "updated_at": "2026-05-20T19:56:05.448Z"
  }
},
{
  "model": "spa_app.appointment",
  "pk": 47,
  "fields": {
    "client": 12,
    "employee": 9,
    "service": 18,
    "start_datetime": "2026-05-06T08:00:00Z",
    "end_datetime": "2026-05-06T08:55:00Z",
    "status": "completed",
    "comment": "",
    "is_paid": true,
    "payment_method": "cash",
    "paid_at": "2026-05-06T08:00:00Z",
    "is_refunded": false,
    "refunded_at": null,
    "created_at": "2026-05-20T19:56:05.449Z",
    "updated_at": "2026-05-20T19:56:05.449Z"
  }
},
{
  "model": "spa_app.appointment",
  "pk": 48,
  "fields": {
    "client": 12,
    "employee": 9,
    "service": 18,
    "start_datetime": "2026-05-05T11:00:00Z",
    "end_datetime": "2026-05-05T11:55:00Z",
    "status": "completed",
    "comment": "",
    "is_paid": true,
    "payment_method": "card",
    "paid_at": "2026-05-05T11:00:00Z",
    "is_refunded": false,
    "refunded_at": null,
    "created_at": "2026-05-20T19:56:05.451Z",
    "updated_at": "2026-05-20T19:56:05.451Z"
  }
},
{
  "model": "spa_app.appointment",
  "pk": 49,
  "fields": {
    "client": 14,
    "employee": 12,
    "service": 17,
    "start_datetime": "2026-05-04T07:00:00Z",
    "end_datetime": "2026-05-04T08:15:00Z",
    "status": "completed",
    "comment": "",
    "is_paid": true,
    "payment_method": "card",
    "paid_at": "2026-05-04T07:00:00Z",
    "is_refunded": false,
    "refunded_at": null,
    "created_at": "2026-05-20T19:56:38.898Z",
    "updated_at": "2026-05-20T19:56:38.898Z"
  }
},
{
  "model": "spa_app.appointment",
  "pk": 50,
  "fields": {
    "client": 14,
    "employee": 12,
    "service": 17,
    "start_datetime": "2026-05-03T09:00:00Z",
    "end_datetime": "2026-05-03T10:15:00Z",
    "status": "completed",
    "comment": "",
    "is_paid": true,
    "payment_method": "cash",
    "paid_at": "2026-05-03T09:00:00Z",
    "is_refunded": false,
    "refunded_at": null,
    "created_at": "2026-05-20T19:56:38.902Z",
    "updated_at": "2026-05-20T19:56:38.902Z"
  }
},
{
  "model": "spa_app.appointment",
  "pk": 51,
  "fields": {
    "client": 14,
    "employee": 12,
    "service": 17,
    "start_datetime": "2026-05-02T12:00:00Z",
    "end_datetime": "2026-05-02T13:15:00Z",
    "status": "completed",
    "comment": "",
    "is_paid": true,
    "payment_method": "card",
    "paid_at": "2026-05-02T12:00:00Z",
    "is_refunded": false,
    "refunded_at": null,
    "created_at": "2026-05-20T19:56:38.903Z",
    "updated_at": "2026-05-20T19:56:38.903Z"
  }
},
{
  "model": "spa_app.appointment",
  "pk": 52,
  "fields": {
    "client": 14,
    "employee": 12,
    "service": 17,
    "start_datetime": "2026-05-01T08:00:00Z",
    "end_datetime": "2026-05-01T09:15:00Z",
    "status": "completed",
    "comment": "",
    "is_paid": true,
    "payment_method": "cash",
    "paid_at": "2026-05-01T08:00:00Z",
    "is_refunded": false,
    "refunded_at": null,
    "created_at": "2026-05-20T19:56:38.904Z",
    "updated_at": "2026-05-20T19:56:38.904Z"
  }
},
{
  "model": "spa_app.appointment",
  "pk": 53,
  "fields": {
    "client": 14,
    "employee": 12,
    "service": 17,
    "start_datetime": "2026-04-30T11:00:00Z",
    "end_datetime": "2026-04-30T12:15:00Z",
    "status": "completed",
    "comment": "",
    "is_paid": true,
    "payment_method": "card",
    "paid_at": "2026-04-30T11:00:00Z",
    "is_refunded": false,
    "refunded_at": null,
    "created_at": "2026-05-20T19:56:38.905Z",
    "updated_at": "2026-05-20T19:56:38.905Z"
  }
},
{
  "model": "spa_app.appointment",
  "pk": 54,
  "fields": {
    "client": 31,
    "employee": 12,
    "service": 13,
    "start_datetime": "2026-04-29T07:00:00Z",
    "end_datetime": "2026-04-29T11:00:00Z",
    "status": "completed",
    "comment": "",
    "is_paid": true,
    "payment_method": "card",
    "paid_at": "2026-04-29T07:00:00Z",
    "is_refunded": false,
    "refunded_at": null,
    "created_at": "2026-05-20T20:02:50.646Z",
    "updated_at": "2026-05-20T20:02:50.646Z"
  }
},
{
  "model": "spa_app.appointment",
  "pk": 55,
  "fields": {
    "client": 31,
    "employee": 8,
    "service": 13,
    "start_datetime": "2026-04-28T08:30:00Z",
    "end_datetime": "2026-04-28T12:30:00Z",
    "status": "completed",
    "comment": "",
    "is_paid": true,
    "payment_method": "card",
    "paid_at": "2026-04-28T08:30:00Z",
    "is_refunded": false,
    "refunded_at": null,
    "created_at": "2026-05-20T20:02:50.650Z",
    "updated_at": "2026-05-20T20:02:50.650Z"
  }
},
{
  "model": "spa_app.appointment",
  "pk": 56,
  "fields": {
    "client": 31,
    "employee": 9,
    "service": 9,
    "start_datetime": "2026-04-27T10:00:00Z",
    "end_datetime": "2026-04-27T10:30:00Z",
    "status": "completed",
    "comment": "",
    "is_paid": true,
    "payment_method": "cash",
    "paid_at": "2026-04-27T10:00:00Z",
    "is_refunded": false,
    "refunded_at": null,
    "created_at": "2026-05-20T20:02:50.652Z",
    "updated_at": "2026-05-20T20:02:50.652Z"
  }
},
{
  "model": "spa_app.appointment",
  "pk": 57,
  "fields": {
    "client": 31,
    "employee": 10,
    "service": 11,
    "start_datetime": "2026-04-26T12:00:00Z",
    "end_datetime": "2026-04-26T14:00:00Z",
    "status": "completed",
    "comment": "",
    "is_paid": true,
    "payment_method": "cash",
    "paid_at": "2026-04-26T12:00:00Z",
    "is_refunded": false,
    "refunded_at": null,
    "created_at": "2026-05-20T20:02:50.653Z",
    "updated_at": "2026-05-20T20:02:50.653Z"
  }
},
{
  "model": "spa_app.appointment",
  "pk": 58,
  "fields": {
    "client": 31,
    "employee": 9,
    "service": 8,
    "start_datetime": "2026-04-25T14:00:00Z",
    "end_datetime": "2026-04-25T15:15:00Z",
    "status": "completed",
    "comment": "",
    "is_paid": true,
    "payment_method": "card",
    "paid_at": "2026-04-25T14:00:00Z",
    "is_refunded": false,
    "refunded_at": null,
    "created_at": "2026-05-20T20:02:50.655Z",
    "updated_at": "2026-05-20T20:02:50.655Z"
  }
},
{
  "model": "spa_app.appointment",
  "pk": 59,
  "fields": {
    "client": 32,
    "employee": 8,
    "service": 15,
    "start_datetime": "2026-05-27T06:00:00Z",
    "end_datetime": "2026-05-27T06:45:00Z",
    "status": "confirmed",
    "comment": "",
    "is_paid": false,
    "payment_method": "",
    "paid_at": null,
    "is_refunded": false,
    "refunded_at": null,
    "created_at": "2026-05-20T20:15:38.780Z",
    "updated_at": "2026-05-20T20:15:38.780Z"
  }
},
{
  "model": "spa_app.appointment",
  "pk": 60,
  "fields": {
    "client": 33,
    "employee": 11,
    "service": 12,
    "start_datetime": "2026-05-21T07:00:00Z",
    "end_datetime": "2026-05-21T09:00:00Z",
    "status": "confirmed",
    "comment": "",
    "is_paid": true,
    "payment_method": "card",
    "paid_at": "2026-06-14T18:39:26.711Z",
    "is_refunded": false,
    "refunded_at": null,
    "created_at": "2026-05-20T20:23:38.061Z",
    "updated_at": "2026-05-20T20:23:38.061Z"
  }
},
{
  "model": "spa_app.appointment",
  "pk": 62,
  "fields": {
    "client": 35,
    "employee": 9,
    "service": 8,
    "start_datetime": "2026-05-21T05:00:00Z",
    "end_datetime": "2026-05-21T06:15:00Z",
    "status": "confirmed",
    "comment": "",
    "is_paid": false,
    "payment_method": "",
    "paid_at": null,
    "is_refunded": false,
    "refunded_at": null,
    "created_at": "2026-05-20T20:35:31.497Z",
    "updated_at": "2026-05-20T20:35:31.497Z"
  }
},
{
  "model": "spa_app.appointment",
  "pk": 63,
  "fields": {
    "client": 31,
    "employee": 8,
    "service": 13,
    "start_datetime": "2026-05-22T06:00:00Z",
    "end_datetime": "2026-05-22T10:00:00Z",
    "status": "confirmed",
    "comment": "",
    "is_paid": false,
    "payment_method": "",
    "paid_at": null,
    "is_refunded": false,
    "refunded_at": null,
    "created_at": "2026-05-21T07:37:21.940Z",
    "updated_at": "2026-05-21T07:37:21.940Z"
  }
},
{
  "model": "spa_app.appointment",
  "pk": 64,
  "fields": {
    "client": 31,
    "employee": 12,
    "service": 16,
    "start_datetime": "2026-05-22T05:00:00Z",
    "end_datetime": "2026-05-22T05:45:00Z",
    "status": "confirmed",
    "comment": "",
    "is_paid": false,
    "payment_method": "",
    "paid_at": null,
    "is_refunded": false,
    "refunded_at": null,
    "created_at": "2026-05-21T07:40:25.314Z",
    "updated_at": "2026-05-21T07:40:25.314Z"
  }
},
{
  "model": "spa_app.appointment",
  "pk": 65,
  "fields": {
    "client": 36,
    "employee": 11,
    "service": 10,
    "start_datetime": "2026-05-22T07:00:00Z",
    "end_datetime": "2026-05-22T08:30:00Z",
    "status": "cancelled",
    "comment": "",
    "is_paid": false,
    "payment_method": "",
    "paid_at": null,
    "is_refunded": false,
    "refunded_at": null,
    "created_at": "2026-05-21T07:46:19.042Z",
    "updated_at": "2026-05-21T07:46:19.042Z"
  }
},
{
  "model": "spa_app.appointment",
  "pk": 66,
  "fields": {
    "client": 31,
    "employee": 9,
    "service": 8,
    "start_datetime": "2026-05-28T10:30:00Z",
    "end_datetime": "2026-05-28T11:45:00Z",
    "status": "confirmed",
    "comment": "",
    "is_paid": true,
    "payment_method": "card",
    "paid_at": "2026-06-14T18:39:43.390Z",
    "is_refunded": false,
    "refunded_at": null,
    "created_at": "2026-05-21T07:46:52.556Z",
    "updated_at": "2026-05-21T07:46:52.556Z"
  }
},
{
  "model": "spa_app.appointment",
  "pk": 67,
  "fields": {
    "client": 37,
    "employee": 12,
    "service": 7,
    "start_datetime": "2026-06-16T09:00:00Z",
    "end_datetime": "2026-06-16T10:30:00Z",
    "status": "completed",
    "comment": "",
    "is_paid": true,
    "payment_method": "card",
    "paid_at": "2026-06-14T18:39:37.561Z",
    "is_refunded": false,
    "refunded_at": null,
    "created_at": "2026-06-14T18:27:46.217Z",
    "updated_at": "2026-06-14T18:27:46.217Z"
  }
},
{
  "model": "spa_app.appointment",
  "pk": 68,
  "fields": {
    "client": 38,
    "employee": 11,
    "service": 16,
    "start_datetime": "2026-06-20T08:00:00Z",
    "end_datetime": "2026-06-20T08:45:00Z",
    "status": "failed",
    "comment": "",
    "is_paid": true,
    "payment_method": "cash",
    "paid_at": "2026-06-14T18:39:32.111Z",
    "is_refunded": false,
    "refunded_at": null,
    "created_at": "2026-06-14T18:28:29.156Z",
    "updated_at": "2026-06-14T18:28:29.156Z"
  }
},
{
  "model": "spa_app.appointment",
  "pk": 69,
  "fields": {
    "client": 12,
    "employee": 8,
    "service": 12,
    "start_datetime": "2026-06-17T14:00:00Z",
    "end_datetime": "2026-06-17T16:00:00Z",
    "status": "completed",
    "comment": "",
    "is_paid": true,
    "payment_method": "cash",
    "paid_at": "2026-06-14T18:39:34.647Z",
    "is_refunded": false,
    "refunded_at": null,
    "created_at": "2026-06-14T18:29:07.203Z",
    "updated_at": "2026-06-14T18:29:07.203Z"
  }
},
{
  "model": "spa_app.appointment",
  "pk": 70,
  "fields": {
    "client": 39,
    "employee": 11,
    "service": 10,
    "start_datetime": "2026-06-15T07:00:00Z",
    "end_datetime": "2026-06-15T08:30:00Z",
    "status": "confirmed",
    "comment": "",
    "is_paid": true,
    "payment_method": "cash",
    "paid_at": "2026-06-14T18:39:40.263Z",
    "is_refunded": false,
    "refunded_at": null,
    "created_at": "2026-06-14T18:35:49.054Z",
    "updated_at": "2026-06-14T18:35:49.054Z"
  }
},
{
  "model": "spa_app.appointment",
  "pk": 71,
  "fields": {
    "client": 40,
    "employee": 12,
    "service": 17,
    "start_datetime": "2026-06-30T12:30:00Z",
    "end_datetime": "2026-06-30T13:45:00Z",
    "status": "completed",
    "comment": "",
    "is_paid": true,
    "payment_method": "card",
    "paid_at": "2026-06-14T18:39:28.874Z",
    "is_refunded": false,
    "refunded_at": null,
    "created_at": "2026-06-14T18:38:00.318Z",
    "updated_at": "2026-06-14T18:38:00.318Z"
  }
},
{
  "model": "spa_app.review",
  "pk": 7,
  "fields": {
    "appointment": 54,
    "client": 31,
    "service": 13,
    "text": "Чудесный салон, обслуживание на высоте!",
    "rating": 5,
    "created_at": "2026-05-20T20:04:05.316Z",
    "is_rejected": false,
    "is_published": true
  }
},
{
  "model": "spa_app.review",
  "pk": 8,
  "fields": {
    "appointment": 57,
    "client": 31,
    "service": 11,
    "text": "Мошенники!!!!!!!",
    "rating": 1,
    "created_at": "2026-05-20T20:04:22.633Z",
    "is_rejected": true,
    "is_published": false
  }
},
{
  "model": "spa_app.review",
  "pk": 9,
  "fields": {
    "appointment": 46,
    "client": 12,
    "service": 18,
    "text": "тличный сервис, всё очень понравилось. бязательно приду ещё раз.",
    "rating": 5,
    "created_at": "2026-05-20T20:05:28.924Z",
    "is_rejected": true,
    "is_published": false
  }
},
{
  "model": "spa_app.review",
  "pk": 10,
  "fields": {
    "appointment": 55,
    "client": 31,
    "service": 13,
    "text": "чень приятная атмосфера и внимательные специалисты. роцедура прошла идеально.",
    "rating": 5,
    "created_at": "2026-05-20T20:05:28.926Z",
    "is_rejected": true,
    "is_published": false
  }
},
{
  "model": "spa_app.review",
  "pk": 11,
  "fields": {
    "appointment": 32,
    "client": 25,
    "service": 9,
    "text": "апись прошла удобно, услуга оказана качественно. сталась очень довольна.",
    "rating": 5,
    "created_at": "2026-05-20T20:05:28.927Z",
    "is_rejected": true,
    "is_published": false
  }
},
{
  "model": "spa_app.review",
  "pk": 12,
  "fields": {
    "appointment": 44,
    "client": 12,
    "service": 18,
    "text": "роцедура не оправдала ожиданий, хотелось бы лучшего результата.",
    "rating": 2,
    "created_at": "2026-05-20T20:05:28.928Z",
    "is_rejected": true,
    "is_published": false
  }
},
{
  "model": "spa_app.review",
  "pk": 13,
  "fields": {
    "appointment": 49,
    "client": 14,
    "service": 17,
    "text": "ыли небольшие задержки и общее впечатление получилось не самым приятным.",
    "rating": 1,
    "created_at": "2026-05-20T20:05:28.929Z",
    "is_rejected": true,
    "is_published": false
  }
},
{
  "model": "spa_app.review",
  "pk": 14,
  "fields": {
    "appointment": 52,
    "client": 14,
    "service": 17,
    "text": "Спасибо за чудесно оказанные услуги",
    "rating": 5,
    "created_at": "2026-05-20T20:07:00.337Z",
    "is_rejected": false,
    "is_published": true
  }
},
{
  "model": "spa_app.review",
  "pk": 15,
  "fields": {
    "appointment": 45,
    "client": 12,
    "service": 18,
    "text": "Лучший салон в нашем городе :)",
    "rating": 5,
    "created_at": "2026-05-20T20:07:23.193Z",
    "is_rejected": false,
    "is_published": true
  }
}
]
